{
    "client": "Thunder Client",
    "collectionName": "todoApp",
    "dateExported": "2022-10-15T08:08:50.589Z",
    "version": "1.1",
    "folders": [
        {
            "_id": "2d64f11a-69e1-4614-88b2-bf3a1a45ffc9",
            "name": "hosted",
            "containerId": "",
            "created": "2022-10-15T07:17:14.208Z",
            "sortNum": 10000
        },
        {
            "_id": "299cc866-84f2-4a19-8ad9-733bd58ffc6a",
            "name": "local",
            "containerId": "",
            "created": "2022-10-15T07:48:19.937Z",
            "sortNum": 20000
        }
    ],
    "requests": [
        {
            "_id": "6ba84398-f0d9-4472-899a-853f8b0782de",
            "colId": "8b6853da-2f55-4696-9478-52ba06afc40f",
            "containerId": "299cc866-84f2-4a19-8ad9-733bd58ffc6a",
            "name": "http://localhost:5000/v1/todos",
            "url": "http://localhost:5000/v1/todos",
            "method": "GET",
            "sortNum": 10000,
            "created": "2022-10-10T16:29:21.264Z",
            "modified": "2022-10-15T07:48:28.117Z",
            "headers": [],
            "params": [],
            "tests": []
        },
        {
            "_id": "30fc9489-885c-41a7-896d-3a070b066de7",
            "colId": "8b6853da-2f55-4696-9478-52ba06afc40f",
            "containerId": "2d64f11a-69e1-4614-88b2-bf3a1a45ffc9",
            "name": "https://todo-app-api.fly.dev/v1/todos",
            "url": "https://todo-app-api.fly.dev/v1/todos",
            "method": "GET",
            "sortNum": 10000,
            "created": "2022-10-15T07:17:20.691Z",
            "modified": "2022-10-15T07:18:16.095Z",
            "headers": [],
            "params": [],
            "tests": []
        },
        {
            "_id": "6d6e3ac8-c175-4ea5-957f-b4f17f7b5295",
            "colId": "8b6853da-2f55-4696-9478-52ba06afc40f",
            "containerId": "299cc866-84f2-4a19-8ad9-733bd58ffc6a",
            "name": "http://localhost:5000/v1/todos",
            "url": "http://localhost:5000/v1/todos",
            "method": "POST",
            "sortNum": 20000,
            "created": "2022-10-11T18:37:51.483Z",
            "modified": "2022-10-15T07:48:38.999Z",
            "headers": [],
            "params": [],
            "body": {
                "type": "json",
                "raw": " {\n    \"title\":\" Make the cake\",\n    \"description\": \"First you'll have to choose a recipe. You can keep it simple or you can choose a slightly showier recipe..\",\n    \"status\": \"completed\"\n  }",
                "form": []
            },
            "tests": []
        },
        {
            "_id": "6bf025f5-7932-4e17-a162-65076f2e21cb",
            "colId": "8b6853da-2f55-4696-9478-52ba06afc40f",
            "containerId": "2d64f11a-69e1-4614-88b2-bf3a1a45ffc9",
            "name": "https://todo-app-api.fly.dev/v1/todos",
            "url": "https://todo-app-api.fly.dev/v1/todos",
            "method": "POST",
            "sortNum": 20000,
            "created": "2022-10-15T07:17:24.956Z",
            "modified": "2022-10-15T07:43:31.144Z",
            "headers": [],
            "params": [],
            "body": {
                "type": "json",
                "raw": " {\n    \"title\":\"Serve the Cake\",\n    \"description\": \"Determine the size and quantity of cakes to make and how to cut them for weddings and parties.\"\n    \n  }",
                "form": []
            },
            "tests": []
        },
        {
            "_id": "ea06f9f8-ccdb-42b2-b90a-6ac6dcb3a133",
            "colId": "8b6853da-2f55-4696-9478-52ba06afc40f",
            "containerId": "299cc866-84f2-4a19-8ad9-733bd58ffc6a",
            "name": "http://localhost:5000/v1/todos",
            "url": "http://localhost:5000/v1/todos/63484fc450969925870cdc1",
            "method": "GET",
            "sortNum": 30000,
            "created": "2022-10-12T06:24:22.745Z",
            "modified": "2022-10-15T07:48:41.883Z",
            "headers": [],
            "params": [],
            "tests": []
        },
        {
            "_id": "5f8ef00c-7802-4b82-ae0c-b10367c3f08e",
            "colId": "8b6853da-2f55-4696-9478-52ba06afc40f",
            "containerId": "2d64f11a-69e1-4614-88b2-bf3a1a45ffc9",
            "name": "https://todo-app-api.fly.dev/v1/todos/:id",
            "url": "https://todo-app-api.fly.dev/v1/todos/63484fc450969925870cdcf5",
            "method": "GET",
            "sortNum": 30000,
            "created": "2022-10-15T07:17:27.440Z",
            "modified": "2022-10-15T07:21:34.756Z",
            "headers": [],
            "params": [],
            "tests": []
        },
        {
            "_id": "52f533cd-30fb-43ff-9679-da936c04e1ab",
            "colId": "8b6853da-2f55-4696-9478-52ba06afc40f",
            "containerId": "299cc866-84f2-4a19-8ad9-733bd58ffc6a",
            "name": "http://localhost:5000/v1/todos/:id",
            "url": "http://localhost:5000/v1/todos/63484fc450969925870cdcf5",
            "method": "PATCH",
            "sortNum": 40000,
            "created": "2022-10-13T18:58:16.770Z",
            "modified": "2022-10-15T07:48:44.366Z",
            "headers": [],
            "params": [],
            "body": {
                "type": "json",
                "raw": "{\n    \"status\": \"in-progress\"\n  }",
                "form": []
            },
            "tests": []
        },
        {
            "_id": "118f950f-dd65-40a8-a9e2-5b432b89c4c6",
            "colId": "8b6853da-2f55-4696-9478-52ba06afc40f",
            "containerId": "2d64f11a-69e1-4614-88b2-bf3a1a45ffc9",
            "name": "https://todo-app-api.fly.dev/v1/todos/:id",
            "url": "https://todo-app-api.fly.dev/v1/todos/63484fc450969925870cdcf5",
            "method": "PATCH",
            "sortNum": 40000,
            "created": "2022-10-15T07:17:29.490Z",
            "modified": "2022-10-15T07:22:07.531Z",
            "headers": [],
            "params": [],
            "body": {
                "type": "json",
                "raw": "{\n    \"status\": \"in-progress\"\n  }",
                "form": []
            },
            "tests": []
        },
        {
            "_id": "f7893a44-398e-450f-99aa-4b075ba4df4b",
            "colId": "8b6853da-2f55-4696-9478-52ba06afc40f",
            "containerId": "299cc866-84f2-4a19-8ad9-733bd58ffc6a",
            "name": "http://localhost:5000/v1/todos",
            "url": "http://localhost:5000/v1/todos/6345bcaddc05d9965c5adde",
            "method": "DELETE",
            "sortNum": 50000,
            "created": "2022-10-12T06:28:38.428Z",
            "modified": "2022-10-15T07:48:46.933Z",
            "headers": [],
            "params": [],
            "body": {
                "type": "json",
                "raw": " {\n    \"title\":\" Make the cake\",\n    \"description\": \"First you'll have to choose a recipe. You can keep it simple or you can choose a slightly showier recipe..\",\n    \"status\": \"completed\"\n  }",
                "form": []
            },
            "tests": []
        },
        {
            "_id": "1e6df7bb-26fb-404f-8c94-826b92828640",
            "colId": "8b6853da-2f55-4696-9478-52ba06afc40f",
            "containerId": "2d64f11a-69e1-4614-88b2-bf3a1a45ffc9",
            "name": "https://todo-app-api.fly.dev/v1/todos/:id",
            "url": "https://todo-app-api.fly.dev/v1/todos/634a64a306bfcc58d2d2b0bd",
            "method": "DELETE",
            "sortNum": 50000,
            "created": "2022-10-15T07:17:31.707Z",
            "modified": "2022-10-15T07:43:43.470Z",
            "headers": [],
            "params": [],
            "body": {
                "type": "json",
                "raw": " {\n    \"title\":\" Make the cake\",\n    \"description\": \"First you'll have to choose a recipe. You can keep it simple or you can choose a slightly showier recipe..\",\n    \"status\": \"completed\"\n  }",
                "form": []
            },
            "tests": []
        }
    ]
}