{
  "swagger": "2.0",
  "info": {
    "version": "1.0.0",
    "title": "TODO API",
    "description": "Todo api to demo CRUD operations"
  },
  "host": "localhost:5000",
  "basePath": "/v1/",
  "schemes": ["http"],
  "paths": {
    "/todos": {
      "get": {
        "description": "",
        "parameters": [
        ],
        "responses": {
          "200": {
            "description": "OK",
            "schema": {
              "type": "array",
              "items": {
                "$ref": "#/definitions/TodoResponse"
              }
            }
          }
        }
      },
      "post": {
        "description": "",
        "parameters": [
          {
            "in": "body",
            "name": "body",
            "description": "todo item in body",
            "required": true,
            "schema": {
              "$ref": "#/definitions/TodoRequest"
            }
          }
        ],
        "responses": {}
      }
    },
    "/todos/{todoId}": {
      "get": {
        "description": "",
        "parameters": [
          {
            "name": "todoId",
            "in": "path",
            "required": true,
            "type": "string"
          }
        ],
        "responses": {
          "200": {
            "description": "OK",
            "schema": {
                "$ref": "#/definitions/TodoResponse"
            }
          }
        }
      },
      "delete": {
        "description": "",
        "parameters": [
          {
            "name": "todoId",
            "in": "path",
            "required": true,
            "type": "string"
          }
        ],
        "responses": {}
      },
      "patch": {
        "description": "",
        "parameters": [
          {
            "name": "todoId",
            "in": "path",
            "required": true,
            "type": "string"
          }
        ],
        "responses": {
          "200": {
            "description": "OK"
          }
        }
      }
    }
  },
  "definitions": {
    "TodoRequest": {
      "type": "object",
      "required": ["title", "status"],
      "properties": {
        "title": {
          "type": "string",
          "example": "Todo title"
        },
        "status": {
          "type": "string",
          "description": "Todo status",
          "enum": ["new", "progressing", "done"]
        },
        "description": {
          "type": "string",
          "example": "Todo description"
        }
      }
    },
    "TodoResponse": {
      "type": "object",
      "required": ["title", "status"],
      "properties": {
        "title": {
          "type": "string",
          "example": "Todo title"
        },
        "status": {
          "type": "string",
          "description": "Todo status",
          "enum": ["new", "progressing", "done"]
        },
        "description": {
          "type": "string",
          "example": "Todo description"
        },
        "id": {
          "type": "string",
          "example": "Unique Id"
        },
        "createdAt": {
          "type": "string",
          "example": "Created At"
        },
        "updatedAt": {
          "type": "string",
          "example": "Updated At"
        }
      }
    }
  }
}
